thisN,key_resp.corr,,,,,,
0,0,,,,,,
1,1,,,,,,
2,0,,,,,,
3,1,,,,,,
4,1,,,,,,
5,1,,,,,,
6,0,,,,,,
7,1,,,,,,
8,1,,,,,,
9,0,,,,,,
10,0,,,,,,
11,0,,,,,,
12,1,,,,,,
13,1,,,,,,
14,1,,,,,,
15,0,,,,,,
16,1,,Trials,,,,
17,1,,Signal Trials,,55,,
18,1,,Noise Trials,,45,,
19,1,,,,,,
20,1,,Hit rate,,30/55 = 0.545,,(hits/signal trials) 
21,1,,False alarm rate,,10/45 = 0.222,,(false alarms/noise trials)
22,1,,,,,,
23,1,,d' ,,,response criterion ©,
24,1,,Z(H) - Z(FA),,,Z(H) + Z(FA)/2 ,
25,1,,Z(0.545) - Z(0.222),,,0.114 + (-0.765)/2,
26,1,,0.114 - (-0.765),,,0.325,
27,1,,0.879,,,,
28,1,,,,,,
29,1,,,,,,
30,1,,,,,,
31,1,,,,,,
32,0,,,,,,
33,1,,,,,,
34,0,,,,,,
35,1,,,,,,
36,1,,,,,,
37,0,,,,,,
38,1,,,,,,
39,1,,,,,,
40,0,,,,,,
41,1,,,,,,
42,1,,,,,,
43,1,,,,,,
44,0,,,,,,
45,0,,,,,,
46,1,,,,,,
47,1,,,,,,
48,0,,,,,,
49,1,,,,,,
50,1,,,,,,
51,1,,,,,,
52,1,,,,,,
53,1,,,,,,
54,1,,,,,,
55,0,,,,,,
56,0,,,,,,
57,1,,,,,,
58,1,,,,,,
59,1,,,,,,
60,1,,,,,,
61,1,,,,,,
62,1,,,,,,
63,1,,,,,,
64,0,,,,,,
65,0,,,,,,
66,0,,,,,,
67,1,,,,,,
68,1,,,,,,
69,1,,,,,,
70,0,,,,,,
71,0,,,,,,
72,1,,,,,,
73,1,,,,,,
74,1,,,,,,
75,1,,,,,,
76,1,,,,,,
77,1,,,,,,
78,0,,,,,,
79,0,,,,,,
80,0,,,,,,
81,1,,,,,,
82,0,,,,,,
83,0,,,,,,
84,0,,,,,,
85,1,,,,,,
86,1,,,,,,
87,0,,,,,,
88,0,,,,,,
89,1,,,,,,
90,0,,,,,,
91,1,,,,,,
92,0,,,,,,
93,0,,,,,,
94,0,,,,,,
95,1,,,,,,
96,0,,,,,,
97,0,,,,,,
98,1,,,,,,
99,1,,,,,,
